{"cameraMode":{"drawMode":0,"name":"Shaded","section":"Shading Mode"},"sceneLighting":true,"audioPlay":false,"sceneViewState":{"m_AlwaysRefresh":false,"showFog":true,"showSkybox":true,"showFlares":true,"showImageEffects":true,"showParticleSystems":true,"showVisualEffectGraphs":true,"m_FxEnabled":true},"in2DMode":false,"pivot":{"x":6.398510456085205,"y":-0.229412242770195,"z":-22.090206146240236},"rotation":{"x":0.007248839363455772,"y":0.9830378293991089,"z":-0.03983478248119354,"w":0.1788828819990158},"size":11.725751876831055,"orthographic":false}